{"stats":{"minecraft:custom":{"minecraft:mob_kills":223,"minecraft:interact_with_anvil":7,"minecraft:interact_with_crafting_table":1,"minecraft:damage_dealt_resisted":8841,"minecraft:leave_game":10,"minecraft:time_since_death":34243,"minecraft:damage_resisted":41,"minecraft:sprint_one_cm":179252,"minecraft:walk_one_cm":279282,"minecraft:drop":79,"minecraft:talked_to_villager":122,"minecraft:deaths":9,"minecraft:sneak_time":6716,"minecraft:jump":1069,"minecraft:walk_on_water_one_cm":177,"minecraft:traded_with_villager":144,"minecraft:play_one_minute":504385,"minecraft:pot_flower":1,"minecraft:time_since_rest":34266,"minecraft:damage_taken":3118,"minecraft:damage_absorbed":152,"minecraft:damage_dealt":22724,"minecraft:fly_one_cm":3317294,"minecraft:open_chest":395,"minecraft:crouch_one_cm":10373,"minecraft:fall_one_cm":3553},"minecraft:killed":{"minecraft:slime":9,"minecraft:phantom":1,"minecraft:skeleton":72,"minecraft:husk":7,"minecraft:zombie":89,"minecraft:ghast":2,"minecraft:wither_skeleton":7,"minecraft:villager":34},"minecraft:dropped":{"minecraft:water_bucket":1,"minecraft:repeating_command_block":1,"minecraft:oak_log":1,"minecraft:barrier":1,"minecraft:blue_concrete_powder":1,"minecraft:red_wool":12,"minecraft:command_block":7,"minecraft:acacia_log":64,"minecraft:grass_block":5,"minecraft:coal":1,"minecraft:dirt":3,"minecraft:brown_concrete_powder":1,"minecraft:brown_wool":5,"minecraft:snowball":16,"minecraft:brown_terracotta":1,"minecraft:bone_meal":64,"minecraft:purple_wool":1,"minecraft:redstone_block":6,"minecraft:bone":7,"minecraft:red_concrete":1,"minecraft:yellow_concrete_powder":1,"minecraft:blue_terracotta":1,"minecraft:pink_terracotta":1,"minecraft:zombie_spawn_egg":1,"minecraft:green_terracotta":1,"minecraft:stone_sword":1,"minecraft:pig_spawn_egg":1,"minecraft:blue_wool":2,"minecraft:netherite_sword":1,"minecraft:obsidian":1,"minecraft:tall_grass":1,"minecraft:rotten_flesh":11,"minecraft:yellow_stained_glass":1,"minecraft:red_terracotta":2,"minecraft:flint_and_steel":2,"minecraft:diamond_sword":3,"minecraft:poppy":1,"minecraft:tipped_arrow":48,"minecraft:stone":1,"minecraft:chest":64,"minecraft:iron_bars":64,"minecraft:arrow":4,"minecraft:brown_stained_glass":1,"minecraft:green_concrete_powder":1,"minecraft:brown_concrete":1},"minecraft:mined":{"minecraft:tall_grass":2,"minecraft:grass":13},"minecraft:used":{"minecraft:orange_concrete_powder":4,"minecraft:netherite_sword":136,"minecraft:blue_terracotta":4,"minecraft:iron_bars":19,"minecraft:stone_sword":13,"minecraft:acacia_log":5,"minecraft:orange_concrete":5,"minecraft:red_concrete":163,"minecraft:spruce_slab":8,"minecraft:chest":14,"minecraft:spruce_planks":8,"minecraft:brown_concrete":17,"minecraft:stone":685,"minecraft:iron_sword":12,"minecraft:zombie_spawn_egg":9,"minecraft:green_terracotta":6,"minecraft:oak_door":2,"minecraft:torch":3,"minecraft:dirt":154,"minecraft:anvil":4,"minecraft:spruce_stairs":50,"minecraft:orange_wool":15,"minecraft:pink_terracotta":14,"minecraft:cyan_wool":3,"minecraft:blue_concrete":6,"minecraft:snowball":28,"minecraft:obsidian":21,"minecraft:milk_bucket":2,"minecraft:polished_diorite":21,"minecraft:brown_terracotta":16,"minecraft:red_wool":296,"minecraft:yellow_stained_glass":1,"minecraft:grass_block":256,"minecraft:green_wool":2,"minecraft:pink_wool":2,"minecraft:slime_spawn_egg":4,"minecraft:yellow_concrete_powder":3,"minecraft:bedrock":1,"minecraft:light_gray_wool":1,"minecraft:red_carpet":28,"minecraft:bow":32,"minecraft:brown_carpet":8,"minecraft:magenta_wool":2,"minecraft:magenta_terracotta":10,"minecraft:oak_sapling":8,"minecraft:drowned_spawn_egg":1,"minecraft:pink_concrete_powder":6,"minecraft:orange_terracotta":10,"minecraft:enchanted_golden_apple":1,"minecraft:brown_concrete_powder":32,"minecraft:water_bucket":10,"minecraft:birch_planks":20,"minecraft:red_stained_glass":162,"minecraft:lime_wool":1,"minecraft:oak_planks":80,"minecraft:blue_wool":16,"minecraft:blue_concrete_powder":4,"minecraft:redstone_block":118,"minecraft:structure_void":2,"minecraft:magenta_stained_glass":1,"minecraft:white_wool":8,"minecraft:pink_concrete":13,"minecraft:yellow_terracotta":2,"minecraft:crafting_table":1,"minecraft:light_blue_wool":1,"minecraft:yellow_concrete":4,"minecraft:chiseled_quartz_block":1,"minecraft:redstone_torch":8,"minecraft:oak_log":78,"minecraft:lever":2,"minecraft:green_concrete":3,"minecraft:flower_pot":1,"minecraft:black_wool":1,"minecraft:command_block":105,"minecraft:brown_stained_glass":3,"minecraft:brown_wool":2,"minecraft:barrier":18,"minecraft:stone_button":3,"minecraft:netherite_axe":2,"minecraft:magenta_concrete":5,"minecraft:red_terracotta":1349,"minecraft:magenta_concrete_powder":19,"minecraft:yellow_wool":2,"minecraft:diamond_sword":287,"minecraft:wooden_sword":17,"minecraft:potion":1,"minecraft:red_concrete_powder":19,"minecraft:cooked_porkchop":5,"minecraft:green_concrete_powder":8,"minecraft:bucket":1,"minecraft:pink_stained_glass":2,"minecraft:glass_pane":5,"minecraft:repeating_command_block":37,"minecraft:husk_spawn_egg":1,"minecraft:gray_wool":1,"minecraft:splash_potion":55,"minecraft:bone_meal":45,"minecraft:purple_wool":3,"minecraft:green_stained_glass":4},"minecraft:crafted":{"minecraft:netherite_sword":2,"minecraft:leather_boots":1,"minecraft:netherite_chestplate":1,"minecraft:netherite_axe":2,"minecraft:bow":1,"minecraft:tipped_arrow":240,"minecraft:splash_potion":56,"minecraft:golden_boots":1,"minecraft:cooked_porkchop":512,"minecraft:air":0,"minecraft:potion":1,"minecraft:shield":1,"minecraft:iron_ingot":64},"minecraft:picked_up":{"minecraft:cocoa_beans":2,"minecraft:slime_spawn_egg":1,"minecraft:yellow_wool":184,"minecraft:diamond_sword":1,"minecraft:pink_wool":253,"minecraft:potion":1,"minecraft:enchanted_book":5,"minecraft:magma_cube_spawn_egg":2,"minecraft:shield":1,"minecraft:dragon_breath":1,"minecraft:wooden_sword":1,"minecraft:flint_and_steel":9,"minecraft:magenta_wool":183,"minecraft:netherite_sword":2,"minecraft:redstone_torch":1,"minecraft:light_gray_wool":64,"minecraft:enchanted_golden_apple":20,"minecraft:blue_wool":116,"minecraft:tipped_arrow":69,"minecraft:lime_wool":64,"minecraft:stick":2,"minecraft:oak_door":1,"minecraft:stone_button":1,"minecraft:redstone":2,"minecraft:blue_carpet":1,"minecraft:zombie_spawn_egg":2,"minecraft:phantom_spawn_egg":1,"minecraft:arrow":147,"minecraft:rotten_flesh":85,"minecraft:green_wool":115,"minecraft:netherite_chestplate":2,"minecraft:blaze_powder":65,"minecraft:water_bucket":2,"minecraft:brown_wool":136,"minecraft:oak_log":2,"minecraft:golden_boots":1,"minecraft:netherite_leggings":1,"minecraft:lapis_lazuli":1,"minecraft:bone":95,"minecraft:apple":200,"minecraft:bow":7,"minecraft:wheat_seeds":3,"minecraft:popped_chorus_fruit":3,"minecraft:iron_ingot":11,"minecraft:netherite_axe":2,"minecraft:oak_planks":2,"minecraft:honeycomb":1,"minecraft:cooked_porkchop":8,"minecraft:red_wool":130,"minecraft:diamond_block":2,"minecraft:orange_wool":114,"minecraft:wither_skeleton_spawn_egg":2,"minecraft:skeleton_spawn_egg":3,"minecraft:husk_spawn_egg":2,"minecraft:sugar":28,"minecraft:slime_ball":2,"minecraft:netherite_helmet":1,"minecraft:gray_wool":64,"minecraft:emerald":2,"minecraft:coal":1},"minecraft:killed_by":{"minecraft:skeleton":2,"minecraft:phantom":1,"minecraft:zombie":2}},"DataVersion":2586}